MatrixSize,KernelTime_FIB_ms,CPUTime_FIB_ms
32768,0.68858,0.22799
65536,2.08678,0.39268
131072,7.30416,0.88646
262144,27.52506,1.62331
524288,106.62323,3.33358
1048576,238.18106,8.33486
2097152,851.58209,13.53562
4194304,3444.54541,26.04170
8388608,13985.57324,51.81253
16777216,58246.96875,112.02262
33554432,245689.18750,210.27367
